Image,Description,User Choice,llava,llava Response,llava Time (s),llava-llama3,llava-llama3 Response,llava-llama3 Time (s),llama3.2-vision,llama3.2-vision Response,llama3.2-vision Time (s),llava:13b,llava:13b Response,llava:13b Time (s),llava:34b,llava:34b Response,llava:34b Time (s)
01.jpg,Wired mouse,2,2," The image shows a computer mouse on a table. Based on this information, the object should go in the electronics and tools box (number 2). ",3.029,2,"The image features a **black computer mouse** with a cord attached to it. The mouse is placed on a **light brown wooden desk**. In terms of categorization, this object should be stored in the **electronics and tools box**, as it is an electronic device used for computing purposes.",3.948,2,"The object is a computer mouse, which should go in the electronics and tools box (number 2).",12.159,2, The object is a computer mouse with a cord. It should be placed in the electronics and tools box (number 2).,6.703,2,The object is a computer mouse. It should go in the electronics and tools box (number 2).,31.887
02.jpg,Yellow and white gloves,1,4," The image shows a single glove placed on a table. Based on this information, I would categorize the glove as a personal item (number 1). It is not an electronic or tool item (number 2), nor is it trash that should be discarded (number 3). ",1.438,3,The glove is on the table. It should be thrown away.,0.776,1,"The object is a glove, which should go in the personal items box (#1).",6.261,1," The object is a glove, which should be placed in the personal items box (number 1).",1.433,1,"Glove, personal items box (1)",7.739
03.jpg,Gray gloves,1,1," The image shows a pair of gloves on a table. Based on this information, the gloves should go in the personal items box (number 1). ",0.979,1,"The image features a **gray baseball glove** with a **red logo** on the side. The glove is placed on a **wooden table**. Based on the image, I would categorize this object as a personal item, specifically in the sports equipment box (number 1).",1.584,1,"The object is a pair of gloves, specifically work gloves, which are categorized as personal items and should be placed in box number 1.",7.202,1," The object appears to be a pair of gloves. They are likely personal items (number 1) as they are commonly used for warmth or protection of hands during various activities such as gardening, cooking, or sports.",2.199,1,The object is a pair of gloves. It should go in the personal items box (number 1).,12.482
04.jpg,Black gloves,1,1, The image shows a single glove placed on a table. This object should go in the personal items box (number 1). ,0.911,2,The glove is black and gray and is on a table. It should be put in the electronics and tools box.,0.952,1,"The object is a glove, which should go in the personal items box (#1).",6.251,1, The object appears to be a black glove with a white stripe on the back of the hand. It should go in the personal items box (number 1).,1.836,1,"Glove, personal items box (1)",7.704
05.jpg,Sponge,1,3, The image shows a single piece of cereal on a table. This object should go in the trash can (number 3). ,0.908,2,"The object is a sponge with blue edges, which should be placed in the electronics and tools box.",0.976,1,"The object is a sponge, which should go in the personal items box (#1).",6.278,2," The object appears to be a rectangular block with a textured surface, possibly made of foam or rubber. It could be used for various purposes such as a cushioning material, a play item, or a tool. However, without more context, it's difficult to determine its exact use or category. If it is not trash and does not belong in the personal items box, it might fit into the electronics and tools box.",3.517,3,The object appears to be a piece of bread or a similar food item with some blue substance on it. It should go in the trash can (number 3).,16.99
06.jpg,Gray sponge,1,1, The image shows a green sponge on a table. It should go in the personal items box (number 1). ,0.905,3,The object is a black sponge on a wooden table. It should be thrown away as trash.,1.035,1,The object is a dark gray sock that has been folded into a square shape. It should be placed in the personal items box (number 1).,7.377,2," The object appears to be a small rectangular sponge or cloth with a rough texture. It could potentially be used for cleaning purposes or as a tool. Based on this description, it should go in the electronics and tools box (number 2).",2.37,2,The object appears to be a piece of foam or rubber with a hole in the center. It should go in the electronics and tools box (number 2) as it could potentially be used for padding or protection of electronic devices during shipping or storage.,23.012
07.jpg,Black PCIe,2,2," The image shows a small electronic device with a visible circuit board and some connectors or ports on it. It appears to be a piece of computer hardware, possibly a network card or an expansion card for a computer.

Based on the context provided, this object should go in the electronics and tools box (number 2). This is because it is a small electronic device that may require specialized tools or knowledge for handling or repairing, and it is not trash. ",2.057,1,"The image features a **black camera** with a **silver lens** on top. The camera is resting on a **wooden surface**. Based on the image description, this object should be categorized as a personal item and placed in the personal items box.",1.804,2,"The object is a computer graphics card, which should be placed in the electronics and tools box (number 2).",6.697,2, The object appears to be a computer motherboard or circuit board with various electronic components attached to it. It should go in the electronics and tools box (number 2).,1.862,2,The object appears to be a small electronic device or component with exposed circuitry. It should go in the electronics and tools box (number 2).,15.848
08.jpg,electronic with pics,2,4," The image shows a small electronic device with visible circuitry and components, which appears to be a broken or discarded piece of technology. It is likely that this object should go in the electronics and tools box (number 2), as it may contain parts that could be useful for repairing or building other electronic devices. However, if it is no longer functional or has been deemed unusable, it might also be considered trash and could potentially be discarded in the trash can (number 3). ",2.233,2,The object is a small electronic device with two screws on top. It should be placed in the electronics and tools box.,1.386,2,"The object is a circuit board, which should go in the electronics and tools box (number 2).",6.553,2, The object appears to be a computer motherboard. It should go in the electronics and tools box (number 2).,1.583,2,The object appears to be a small electronic component or circuit board with exposed pins on one side. It should go in the electronics and tools box (number 2).,17.082
09.jpg,Stapler,2,1," The image shows a stapler on a table. Based on this information, the object should go in the personal items box (number 1). ",1.073,2,The object on the table is a pair of scissors with a black handle and silver blades. It should be placed in the electronics and tools box.,1.537,1,"The object is a stapler, which should go in the personal items box (#1).",6.384,2, The object appears to be a stapler. It should go in the electronics and tools box (number 2).,1.574,2,"Object: Stapler
Category: Electronics and tools box (number 2)",10.327
10.jpg,PC fan,2,2, The image shows a computer fan with a black cable attached to it. It appears to be an electronic component that would typically go in the electronics and tools box (number 2). ,1.188,2,The object is a computer fan with a black cord attached to it. It should be placed in the electronics and tools box.,1.419,2,"The object is a computer fan, which should go in the electronics and tools box (number 2).",6.531,2, The object appears to be a computer fan. It should go in the electronics and tools box (number 2).,1.543,2,The object is a computer fan. It should go in the electronics and tools box (number 2).,12.705
11.jpg,Yellow brick with holes,2,4," The image shows a rectangular block with holes in it, placed on a surface. This object falls into category 1, as it appears to be a personal item, possibly used for crafting or some form of DIY project. It does not belong in the electronics and tools box (number 2) nor should it be thrown away in the trash can (number 3). ",1.879,3,"The object is a small piece of yellow plastic with holes in it, placed on a wooden surface. It should be categorized as trash and thrown away.",1.574,1,"The object is a sponge, which should go in the personal items box (#1).",6.353,1," The object appears to be a piece of cheese with holes in it, commonly known as Swiss cheese or Emmental. It should go in the personal items box (number 1) because it is a food item that can be consumed by humans.",2.362,1,The object appears to be a piece of cheese with holes in it. It should go in the personal items box (number 1).,14.724
12.jpg,Small PCB,2,2," The image shows a small electronic device, which appears to be a USB flash drive or a similar type of portable storage device. This object should go in the electronics and tools box (number 2). ",1.281,2,"The image features a **green circuit board** resting on a **wooden table**. The circuit board has a small black screw on top and two white wires attached to it. Based on the image, I would categorize this object as **electronics and tools box** (number 2).",2.272,2,"The object is a small circuit board with various components attached to it, including capacitors, resistors, and microchips. It appears to be a printed circuit board (PCB) that has been cut into a smaller size.

**Category:** The object should go in the electronics and tools box (#2).",11.484,2, The object appears to be a small electronic component with a green circuit board. It should go in the electronics and tools box (number 2).,1.715,2,"The object appears to be a small electronic component or module, possibly an integrated circuit (IC) or a sensor. It should go in the electronics and tools box (number 2).",18.622
13.jpg,Tape,1,1, The image shows a roll of tape on a table. This object should go in the personal items box (number 1). ,1.039,2,The object on the table is a roll of tape. It should be placed in the electronics and tools box.,1.443,1,"The object is a roll of tape, which should be placed in the personal items box (number 1).",7.685,2, The object appears to be a roll of clear tape or adhesive tape. It should go in the electronics and tools box (number 2) as it is commonly used for various tasks that require securing items together or attaching things to surfaces.,2.439,1,The object is a roll of tape. It should go in the personal items box (number 1).,12.521
14.jpg,Steel wool,1,2," The image shows a small pile of greenish-brown substance on a table. It appears to be a natural material, possibly a plant or herb, which could be used for medicinal purposes or as an ingredient in cooking. Based on this information, the object should go in the personal items box (number 1), as it is not trash and does not belong in the electronics and tools box (number 2). ",2.077,3,"The object is a small pile of brown hair or fur, which should be thrown away as trash (number 3).",1.493,1,"The object is a small pile of dark greenish-black material that appears to be some type of plant or herb. It has a rough texture and is irregularly shaped.

This object should go in the personal items box (number 1).",9.257,4," The object appears to be a small pile of green herbs or leaves on a table. It could potentially be an item for personal use (number 1), an electronic component (number 2), or trash (number 3). Without more context, it's difficult to determine its exact nature and category with certainty.",2.785,1,"The object appears to be a small pile of green leaves or herbs on a table. It could potentially be an item for personal use or consumption, but without more context, it's difficult to determine its exact nature. Based solely on the visual information provided, I would categorize this as:

1. Personal items box",29.052
15.jpg,Black mug,1,1," The image shows a coffee cup on a table. Based on this information, the object should go in the personal items box (number 1). ",1.099,1,The object is a black coffee mug with a white interior. It should be placed in the personal items box.,1.441,1,"The object is a mug, which belongs to the personal items box (#1).",6.382,1, The object is a coffee mug. It should be categorized as personal items (number 1).,1.473,1,"Coffee cup, personal items box.",7.509
16.jpg,White/blue mug,1,1, The image shows a coffee cup with a handle on a table. This object should go in the personal items box (number 1). ,1.08,3,"The object is a coffee cup with a blue stripe on the side, sitting on a wooden table. It should be placed in the trash can as it appears to be empty and dirty.",1.817,1,"The object is a mug, which belongs to the personal items box (#1).",6.375,1," The object is a coffee mug with a handle on the left side. It appears to be empty or nearly empty, as there is a small amount of liquid at the bottom. Based on this description, I would categorize it as personal items (number 1), as it is commonly used for holding and consuming hot beverages like coffee.",2.887,1,The object is a coffee mug with some liquid inside. It should go in the personal items box (number 1).,13.771
17.jpg,3D printed handle,1,3," The image shows a single object on a tabletop. It appears to be a small, black, rectangular item with rounded corners. Based on this description, I would categorize the object as ""trash"" (number 3). ",1.421,1,The object is a black pen lying on a wooden desk. It should be categorized as personal items.,1.38,2,"The object is a black L-shaped tool, which should be placed in the electronics and tools box (number 2).",7.049,3," The object appears to be a small black electronic device with a rectangular shape and rounded corners. It could potentially be a remote control or some other type of electronic gadget. Based on the image alone, without additional context, it's difficult to determine if it should go in the personal items box (number 1), electronics and tools box (number 2), or if it is trash and should be thrown in the trash can (number 3).",3.633,2,"The object appears to be a small electronic device or component with a rectangular shape and possibly some buttons or controls on top. It could be a remote control, a handheld electronic device, or a part of a larger system. Based on the image alone, it is difficult to determine its exact function or purpose. However, since it seems to be an electronic item, I would categorize it as follows:

1. Electronics and tools box (number 2)",39.675
18.jpg,3D printed cylinder,1,2," The image shows a single object that appears to be a small black plastic item with a rectangular shape and a hole on one side. It's placed on a table covered with a brown cloth. Based on the context provided, this object should go in the electronics and tools box (number 2). ",1.655,2,The object is a black pen holder and should be placed in the electronics and tools box.,1.348,1,"The object is a black cylindrical case with a rectangular cutout on top, which appears to be designed for storing small items such as pens or pencils. It should go in the personal items box (number 1).",8.732,2," The object appears to be a black plastic part with a cylindrical shape and a flat base. It could potentially be an electronic component or a tool part. If this item is personal property, it should go in the personal items box (number 1). If it's an electronics and tools part, it should go in the electronics and tools box (number 2). If it's trash, it should be thrown in the trash can (number 3).",3.73,2,"The object appears to be a small electronic device or component with a rectangular shape and possibly some buttons or controls on the top edge. It could be part of a larger system or an individual gadget. Based on this observation:

1. If it is a personal item, such as a remote control or a portable electronic device, it should go in the personal items box (number 1).
2. If it is an electronic component that requires tools for assembly or repair, it should go in the electronics and tools box (number 2).
3. If it is broken, non-functional, or no longer needed, it should be thrown in the trash can (number 3).",56.382
19.jpg,Empty biscuit box,3,1," The image shows a package of Sondey crackers with a green label that reads ""Fines Gaufrettes"" and includes an image of the product inside. This object should go in the personal items box (number 1), as it appears to be a snack food item, which is typically considered a personal item rather than electronics or tools. ",1.846,4,"The image features a **Sondey brand cracker box** resting on a wooden surface. The box is predominantly green and white in color. It contains six crackers and is labeled with the text ""Fines gaufrettes"" and ""Crackers"". The box also displays a barcode and an expiration date of 2023-09-30. The crackers inside the box are arranged neatly, ready to be enjoyed.",2.954,1,"The object is a box of Sondey Fines Gaufrettes Chocolat & Noisette cookies, which should be placed in the personal items box (number 1).",8.241,4, The object appears to be a package of Sondy brand cookies or biscuits. It should go in the personal items box (number 1) as it is a food item that would typically be consumed by an individual rather than used for electronics or tools.,2.51,1,The object is a package of cookies. It should go in the personal items box (number 1).,12.124
20.jpg,Drill,2,2," The image shows a cordless impact driver, which is a type of power tool used for driving screws or other fasteners into materials. It appears to be a handheld device with a battery pack, a motor, and a chuck that holds the bits.

Based on this information, the object should go in the electronics and tools box (number 2). This is because it is an electrical tool designed for use in various tasks related to construction or repair work. It is not personal items nor trash. ",2.514,2,The object is a blue drill with a black handle and a silver drill bit. It should be placed in the electronics and tools box.,1.643,2,"The object is a cordless drill, which should be placed in the electronics and tools box (number 2).",6.95,2, The object appears to be a power drill with a battery pack attached. It's likely an electronic tool that would go in the electronics and tools box (number 2).,2.133,2,The object is a cordless power drill. It should go in the electronics and tools box (number 2).,12.784
21.jpg,Empty paper plate,3,1, The image shows a single white plate on a table. This object should go in the personal items box (number 1). ,1.051,2,The object is a white plastic plate and should be placed in the electronics and tools box.,1.337,1,"The object is a white plate with rounded corners, which should be placed in the personal items box (number 1).",6.979,2," The object appears to be a small white plate or lid. It could potentially be used for personal items (number 1) if it's meant to hold food or drink, electronics and tools (number 2) if it's part of a device or equipment, or trash (number 3) if it's broken or no longer needed. Without additional context, it's difficult to determine its exact purpose or category with certainty.",3.798,3,The object is a white paper plate. It should be thrown in the trash can (number 3).,12.156
22.jpg,Drill battery,2,1," The image shows a red object on a table. It appears to be a small mechanical device or toy, possibly related to automotive or machinery. Based on this information, I would categorize the object as ""personal items box"" (number 1), as it seems to be a personal item rather than an electronic component or a piece of trash. ",1.799,2,The object is a red toy car with a blue handle. It should be placed in the electronics and tools box.,1.414,1,"The object is a red fire alarm pull station, which should be placed in the personal items box (number 1).",6.985,2," The object appears to be a small red device with buttons on top, possibly a remote control or some kind of electronic gadget. It should go in the electronics and tools box (number 2).",2.088,2,The object appears to be a small electronic device or component with red coloring. It should go in the electronics and tools box (number 2).,15.095
23.jpg,3D printed handle,1,2," The image shows a single black object that appears to be a small, rectangular piece of plastic or rubber. It's difficult to determine its exact purpose without more context, but given its size and shape, it could potentially fit in the personal items box (number 1) if it is an item someone might want to keep with them, or it could be considered trash (number 3) if it has no specific use. It does not seem to belong in the electronics and tools box (number 2), as it does not appear to be a tool or electronic component. ",2.599,4,"The image presents a single object, a black pen, resting on a light brown wooden surface. The pen is positioned diagonally with its tip pointing towards the top left corner of the image and its barrel directed towards the bottom right corner. The pen's position suggests it was casually placed there, perhaps after use or in anticipation of use. There are no other objects in the image, and no text is present. The simplicity of the scene draws attention to the pen as the sole focus of the image.",3.208,2,"The object is a black plastic L-shaped bracket, which should be placed in the electronics and tools box (number 2).",7.077,2," The object appears to be a black plastic L-shaped bracket or clamp. It could potentially be used for holding objects together or as part of an electronic device. Based on the image alone, without additional context, it's difficult to determine if it is personal items (number 1), electronics and tools (number 2), or trash (number 3).",3.287,4,"The object appears to be a small electronic device or component with a rectangular shape and possibly some buttons or controls on the top edge. It could be part of a larger system or an individual gadget. Based on this observation, I would categorize it as follows:

1. Personal items box (number 1) if it is a personal item that belongs to someone in the office, such as a remote control or electronic device they use regularly.
2. Electronics and tools box (number 2) if it is an electronic component or tool used for maintenance, repair, or construction within the office environment.
3. Trash can (number 3) if it is broken, no longer functional, or has been deemed waste by the person who identified it.",60.818
24.jpg,3D printed square,1,2," The image shows a small, rectangular object with a yellow stripe on top and a black stripe on bottom. It appears to be a piece of equipment or machinery, possibly related to electronics or tools, given the presence of these stripes which are often used for safety purposes in such contexts.

Based on this information, I would categorize this object as belonging to the electronics and tools box (number 2). It is not personal items nor trash. ",2.233,2,The object is a square coaster with a yellow and black design on top of a wooden table. It should be placed in the electronics and tools box.,1.586,1,"The object is a small, rectangular piece of fabric with a yellow stripe down the middle. It appears to be made of cotton or polyester and has a smooth texture. The object is placed on a wooden table.

Category: Personal items box (number 1)",9.476,2," The object appears to be a small electronic device with a yellow label on it. It could potentially be a piece of electronics or a tool that requires maintenance or repair. Therefore, it should go in the electronics and tools box (number 2).",2.374,2,The object appears to be a damaged electronic device with yellow tape on it. It should go in the electronics and tools box (number 2).,14.928
25.jpg,Allen keys (green),2,2," The image shows a small, green-handled tool or device that appears to be a stapler or a similar office supply item. It should go in the electronics and tools box (number 2). ",1.344,2,The object is a black and blue toy gun with a clip on top. It should be placed in the electronics and tools box.,1.521,2,"The object is a small, green tool with a flat head and a curved end. It has a long handle attached to it, which allows for easy grip and maneuverability. The object appears to be made of metal or plastic and has a smooth surface.

Based on the object's design and functionality, I categorize it as an electronics and tools box item (number 2).",11.578,2," The object appears to be a small black plastic device with a green button on top. It could potentially be an electronic item or a tool, depending on its function. If it's a personal item, it might go in the personal items box (number 1). If it's an electronics and tools item, it should go in the electronics and tools box (number 2). If it's trash, it should be thrown in the trash can (number 3).",4.348,2,The object appears to be a small electronic device or component with a green casing and black connectors. It should go in the electronics and tools box (number 2).,16.695
26.jpg,Headphones,2,1," The image shows a pair of headphones lying on a surface. Based on this information, the object should go in the personal items box (number 1). ",1.166,4,"The image features a pair of **black headphones** resting on a **wooden surface**. The headphones are positioned with the ear cushions facing upwards and the headband facing downwards. The cord of the headphones is coiled up next to them. The wooden surface has a light brown color and shows signs of use with visible scratches and marks. The headphones appear to be in good condition, suggesting they have not been used extensively. They are the only object in the image, and their position on the wooden surface suggests they were casually placed there after use.",3.526,1,"The object is a pair of headphones, which should be placed in the personal items box (number 1).",6.867,2, The object appears to be a pair of headphones with a microphone attached. It should go in the electronics and tools box (number 2).,1.874,2,"Headphones, category 2: Electronics and tools box.",8.446
27.jpg,Power cords (large),2,2, The image shows a black cable with a USB connector on one end. This object should go in the electronics and tools box (number 2). ,1.151,4,"The image presents a **black cord** resting on a **wooden surface**. The cord is coiled and has two plugs attached to it. One plug is located at the top of the coil, while the other is at the bottom. The cord's color contrasts with the light brown hue of the wooden surface beneath it. There are no discernible texts or other objects in the image. The relative position of the plugs suggests that they are connected to the same point on the cord. The image does not provide any information about the cord's length or thickness.",3.506,2,"The object is a power cord, which should go in the electronics and tools box (number 2).",6.741,2, The object appears to be a coiled black cable with a connector on one end. It could potentially belong in the electronics and tools box (number 2) as it seems like a type of electronic cable used for connecting devices or equipment.,2.486,2,The object appears to be a coiled black cable with an attached power adapter or charger. It should go in the electronics and tools box (number 2).,16.172
28.jpg,Power cords (small),2,2," The image shows a black cable or cord lying on a table. Based on this information, I would categorize the object as ""Electronics and tools"" (number 2), as it appears to be an electronic device or accessory that might require maintenance or repair. ",1.558,2,The object is a black corded device with a small metal hook on the end. It should be placed in the electronics and tools box.,1.521,2,"The object is a black cord with a metal tip on the end, which should be placed in the electronics and tools box (number 2).",7.445,2, The object appears to be a cable with a USB connector on one end and a power adapter plug on the other. It should go in the electronics and tools box (number 2).,2.15,2,The object is a USB cable. It should go in the electronics and tools box (number 2).,12.248
29.jpg,Plastic bag,3,1," The image shows a clear plastic bag with a label on it, placed on a table. This object should go in the personal items box (number 1). ",1.164,3,The object is a clear plastic bag with a barcode on it. It should be thrown away as trash.,1.388,1,"The object is a plastic bag with a barcode sticker on it, which should be placed in the personal items box (number 1).",7.278,3," The object appears to be a clear plastic bag with a label on it. It's difficult to determine if it should go in the personal items box or electronics and tools box without more context about the contents of the bag. However, since it's a plastic bag, it could potentially be trash and should be thrown in the trash can.",3.126,3,The object appears to be a plastic bag with some sort of label or tag on it. It should go in the trash can (number 3) as it is single-use plastic waste.,18.321
30.jpg,Broken tripod,3,2," The image shows a small black object on a wooden surface. It appears to be a mechanical or electronic component, possibly a part from a larger device or machine. Based on this information, I would categorize the object as belonging in the electronics and tools box (number 2). ",1.588,2,The object is a camera lens and it should be placed in the electronics and tools box.,1.466,2,"The object is a small metal component with a cylindrical shape and two black knobs on either side. It appears to be made of metal, possibly aluminum or steel, and has a smooth surface finish. The object is likely used for some mechanical purpose, such as connecting two parts together or providing a mounting point.

Based on its design and materials, I would categorize this object as belonging in the electronics and tools box (number 2).",12.641,2," The object appears to be a small electronic device with a cylindrical shape and a black cap on top. It could potentially be a flash drive or a similar type of portable storage device. Based on this description, it should go in the electronics and tools box (number 2).",2.538,2,"The object appears to be a small electronic device or component with a cylindrical shape and possibly some sort of connector or port on one end. It could potentially be a part of an electronics project or a piece of equipment that requires repair or maintenance. Based on this, I would categorize it as:

2 - Electronics and tools box",29.013
31.jpg,Tippex,1,1, The image shows a bottle of hand sanitizer on a table. It should go in the personal items box (number 1). ,1.095,3,The object is a red bottle cap with a white lid and a blue label on top. It should be thrown away as trash.,1.533,1,"The object is a bottle of nail polish, which should be placed in the personal items box (number 1).",6.959,1," The object appears to be a small bottle with a red liquid inside, possibly ketchup or another type of sauce. It should go in the personal items box (number 1) as it is a food item that might be used for personal consumption.",2.376,1,The object is a bottle of ketchup. It should go in the personal items box (number 1).,13.02
32.jpg,Xbox 360 controller,2,2, The image shows a black video game controller with buttons and joysticks. This object should go in the electronics and tools box (number 2). ,1.151,4,"The image features a **black Xbox 360 game controller** with four buttons: two black ones labeled ""A"" and ""B"", and two white ones labeled ""X"" and ""Y"". The controller also has a directional pad (D-pad) located in the center. It is placed on a wooden surface, specifically on a desk or table. The controller appears to be in good condition and is not being used at the moment.",2.941,2,"The object is a video game controller, specifically an Xbox 360 controller. It should be placed in the electronics and tools box (number 2).",7.566,2, The object is a black Xbox 360 controller. It should be placed in the electronics and tools box (number 2).,1.691,2,The object is a black Xbox controller. It should go in the electronics and tools box (number 2).,12.407
33.jpg,Screwdriver,2,2, The image shows a small screwdriver with a black handle and a silver bit. It appears to be a tool that would belong in the electronics and tools box (number 2). ,1.341,2,The object is a black and white electric toothbrush. It should be placed in the electronics and tools box.,1.402,2,"The object is a screwdriver, which belongs to the electronics and tools box (#2).",6.536,2, The object appears to be a small screwdriver with a black handle and a clear plastic head. It should go in the electronics and tools box (number 2).,1.911,2,The object is a screwdriver with a black handle. It should go in the electronics and tools box (number 2).,13.776
34.jpg,Allen keys (orange),2,2," The image shows a red multi-tool with various tools extended from its handle. This type of tool typically contains multiple implements such as pliers, screwdrivers, knives, and other small tools. It is designed for carrying and using in a variety of situations.

Based on the image provided, this object should go in the electronics and tools box (number 2). ",1.964,2,The object is a red pliers set with black handles and silver tips. It should be placed in the electronics and tools box.,1.527,2,"The object is a set of Allen wrenches, which should be placed in the electronics and tools box (number 2).",7.062,2, The object appears to be a multi-tool or pocket knife with various attachments for different tasks. It should go in the electronics and tools box (number 2).,1.893,2,The object is a red screwdriver with multiple interchangeable heads. It should go in the electronics and tools box (number 2).,14.38
35.jpg,Soap,1,1," The image shows a bottle with a pump dispenser on top, placed on a table. This object should go in the personal items box (number 1). ",1.173,3,The object is a clear plastic bottle with a white pump dispenser on top. It should be placed in the trash can as it is considered waste.,1.631,1,"The object depicted in the image appears to be a bottle of hand sanitizer. It has a clear plastic body with a white pump dispenser on top. The label on the front of the bottle features a red stripe at the bottom and includes some text that is too small to read.

This object should go into the personal items box (number 1).",11.01,1," The object is a small plastic bottle with a pump dispenser on top. It appears to be a hand sanitizer or liquid soap dispenser. Based on this description, the object should go in the personal items box (number 1).",2.431,1,"Hand sanitizer bottle, category 1 (personal items box).",9.552
36.jpg,Cloth,3,3," The image shows a crumpled piece of paper or fabric on a table. It appears to be discarded or used material, possibly from an art project or some other creative endeavor. Based on this information, the object should go in the trash can (number 3). ",1.554,3,"The image features a **white cloth** with **red stains** on it, placed on a **wooden table**. The cloth appears to be used for cleaning purposes, possibly for wiping up spills or stains. It's folded over itself, suggesting it might have been used multiple times before being discarded.

Based on the image, I would categorize this object as **trash**, as it seems to serve a functional purpose rather than being an item of personal use or a tool. The red stains could indicate that it has been used for cleaning up spills or stains, further supporting its classification as trash.",3.817,1,"The object is a piece of fabric with red stains on it, which should be placed in the personal items box (number 1).",7.321,3, The object appears to be a crumpled piece of paper or fabric with some stains on it. It could potentially be trash (number 3) if it's no longer useful for any purpose.,2.112,3,The object appears to be a crumpled piece of paper with some stains on it. It should go in the trash can (number 3).,15.118
37.jpg,Cleaning foam (front),1,1," The object in the image appears to be a bottle of cleaning solution or some type of chemical product. It should go in the personal items box (number 1), as it seems to be a personal care item rather than an electronic tool or trash. ",1.449,2,The object is a white spray bottle with blue text on it. It should be placed in the electronics and tools box.,1.478,1,"The object is a white bottle with a label that says ""A WHITEBOARD CLEANING FOAM"" and has a green stripe on it. It should be placed in the personal items box (number 1).",8.578,4," The object appears to be a spray bottle with a label that includes text and possibly some symbols or graphics. It's difficult to determine the exact contents of the spray without more information. However, based on the context provided, here are the possible categories for this item:

1. Personal items box - If the spray bottle contains a personal care product such as lotion, deodorant, or perfume, it might be considered a personal item and could go in the personal items box.
2. Electronics and tools box - If the spray bottle is used for cleaning electronic devices or has some other utility function, it might be categorized under electronics and tools.
3. Trash can - If the spray bottle is empty or contains a substance that should not be discarded in regular waste, it could be considered trash and should go in the trash can.",6.313,1,The object appears to be a spray can. It should go in the personal items box (number 1).,13.1
38.jpg,Cleaning foam (back),1,1, The image shows a clear plastic container with a white lid on a table. This object should go in the personal items box (number 1). ,1.107,2,The object is a white spray bottle with blue text on it. It should be placed in the electronics and tools box.,1.48,2,"The object is a canister with a white cap and a label that reads ""SHAKE WELL BEFORE USE"" on top. It appears to be a container for some kind of liquid or powder.

This object should go in the electronics and tools box (number 2).",9.664,4," The object appears to be a small white container with a label on it. It could potentially be a personal item or an electronic/tool if it serves a specific function. However, without more context or information about the contents of the container, it's difficult to determine its exact purpose and category. If it is not trash, it should likely go in either the personal items box or the electronics and tools box, depending on its use.",3.464,1,The object appears to be a spray bottle with a white cap. It should go in the personal items box (number 1).,15.763
