01.jpg,Coffee Cup,1
02.jpg,Coffee Cup,1
03.jpg,Coffee Cup,1
04.jpg,Coffee Cup,1
05.jpg,Coffee Cup,1
06.jpg,Sponge,2
07.jpg,Sponge,2
08.jpg,Sponge,2
09.jpg,Sponge,2
10.jpg,Sponge,2
11.jpg,Gloves,2
12.jpg,Gloves,2
13.jpg,Gloves,2
14.jpg,Gloves,2
15.jpg,Gloves,2
16.jpg,Plate,3
17.jpg,Plate,3
18.jpg,Plate,3
19.jpg,Plate,3
20.jpg,Plate,3
21.jpg,PC Fan,1
22.jpg,PC Fan,1
23.jpg,PC Fan,1
24.jpg,PC Fan,1
25.jpg,PC Fan,1
26.jpg,Soap,2
27.jpg,Soap,2
28.jpg,Soap,2
29.jpg,Soap,2
30.jpg,Soap,2
31.jpg,Controller,1
32.jpg,Controller,1
33.jpg,Controller,1
34.jpg,Controller,1
35.jpg,Controller,1
36.jpg,Cloth,2
37.jpg,Cloth,2
38.jpg,Cloth,2
39.jpg,Cloth,2
40.jpg,Cloth,2
41.jpg,Mouse,1
42.jpg,Mouse,1
43.jpg,Mouse,1
44.jpg,Mouse,1
45.jpg,Mouse,1
46.jpg,Screwdriver,1
47.jpg,Screwdriver,1
48.jpg,Screwdriver,1
49.jpg,Screwdriver,1
50.jpg,Screwdriver,1
51.jpg,PCB,1
52.jpg,PCB,1
53.jpg,PCB,1
54.jpg,PCB,1
55.jpg,PCB,1
56.jpg,Cleaning Foam,2
57.jpg,Cleaning Foam,2
58.jpg,Cleaning Foam,2
59.jpg,Cleaning Foam,2
60.jpg,Cleaning Foam,2
